Neighborhood,Price,Bedrooms,Bathrooms,House Size,Description,Neighborhood Description
Green Oaks,"$800,000 ",3,2,"2,000 sqft","Welcome to this eco-friendly oasis nestled in the heart of Green Oaks. This charming 3-bedroom, 2-bathroom home boasts energy-efficient features such as solar panels and a well-insulated structure. Natural light floods the living spaces, highlighting the beautiful hardwood floors and eco-conscious finishes. The open-concept kitchen and dining area lead to a spacious backyard with a vegetable garden, perfect for the eco-conscious family.","Green Oaks is a close-knit, environmentally-conscious community with access to organic grocery stores, community gardens, and bike paths. Take a stroll through the nearby Green Oaks Park or grab a cup of coffee at the cozy Green Bean Cafe. With easy access to public transportation and bike lanes, commuting is a breeze."
Willow Creek,"$925,000 ",4,3,"2,700 sqft","This spacious 4-bedroom, 3-bathroom home in Willow Creek is perfect for families seeking modern amenities and serene surroundings. With vaulted ceilings, a large open-concept kitchen, and a beautifully landscaped backyard, this home invites comfort and relaxation. The master suite includes a private balcony and a spa-inspired bath.","Willow Creek is known for its scenic walking trails, family-friendly parks, and strong school system. The community is active and tight-knit, with regular events at the local community center and easy access to shopping and dining."
Bayview Heights,"$1,100,000 ",5,4,"3,400 sqft","Nestled on a hillside with panoramic ocean views, this 5-bedroom home in Bayview Heights offers luxury coastal living. Features include a chef's kitchen, hardwood flooring, and a spacious deck perfect for entertaining. Floor-to-ceiling windows bring in abundant natural light.","Bayview Heights is a prestigious neighborhood offering breathtaking views, upscale amenities, and close proximity to beaches and marinas. The community is known for its peaceful vibe and scenic beauty."
Elmwood Grove,"$675,000 ",3,2,"2,100 sqft","This beautifully updated ranch-style home in Elmwood Grove combines charm and functionality. The open floor plan connects the living room, dining room, and kitchen, making it ideal for entertaining. A spacious backyard with a pergola completes the picture.","Elmwood Grove is a quiet, leafy suburb with top-rated schools, cozy cafés, and local boutiques. Residents love the sense of community and access to green spaces."
Stonebridge,"$800,000 ",4,3,"2,600 sqft","Located in the heart of Stonebridge, this elegant 4-bedroom home offers modern comforts and classic appeal. Enjoy a gourmet kitchen with granite countertops, a formal dining room, and a finished basement ideal for a media room.","Stonebridge offers the perfect balance of city access and suburban peace. Its tree-lined streets, excellent public transportation, and community events make it a top choice for families and professionals."
Cedar Hills,"$725,000 ",3,2.5,"2,300 sqft","This charming two-story home in Cedar Hills features a welcoming front porch, a large family room with a fireplace, and a bright kitchen with a breakfast nook. The backyard includes a firepit and patio, perfect for entertaining.","Cedar Hills is a friendly and walkable neighborhood with top schools, neighborhood parks, and weekend farmers markets. It’s loved for its strong sense of community and natural surroundings."
Lakeview Estates,"$990,000 ",4,3.5,"3,100 sqft","Enjoy lakeside luxury in this beautifully designed 4-bedroom home in Lakeview Estates. With large windows showcasing water views, a modern kitchen, and a private dock, this home is an entertainer’s dream.","Lakeview Estates is a peaceful and exclusive lakefront community. Residents enjoy boating, fishing, and walking along scenic trails. It’s ideal for those who love waterfront living and privacy."
Maple Heights,"$585,000 ",3,2,"1,900 sqft","Cozy yet stylish, this 3-bedroom bungalow in Maple Heights features a wood-burning fireplace, original hardwood floors, and a sun-drenched breakfast nook. The backyard garden adds charm and tranquility.",Maple Heights is a historic neighborhood filled with character homes and mature trees. Its close-knit community hosts seasonal events and supports local businesses and artisans.
Riverbend,"$870,000 ",4,3,"2,800 sqft","Welcome to this modern 4-bedroom home in Riverbend. Features include an open floor plan, floor-to-ceiling windows, a gourmet kitchen, and a large deck that backs onto greenbelt space for added privacy.","Riverbend is a nature-forward neighborhood with access to river trails, kayaking spots, and birdwatching areas. It appeals to active families and outdoor enthusiasts."
Parkside Village,"$760,000 ",3,2.5,"2,400 sqft","This stylish Parkside Village home offers open-concept living, an upstairs loft, and a large kitchen with a center island. The master suite features a walk-in closet and spa bathroom.","Parkside Village is a modern community known for its beautiful parks, inclusive vibe, and weekend street markets. It's a popular spot for young professionals and growing families."
Highland Meadows,"$1,200,000 ",5,4,"3,800 sqft","This luxurious estate in Highland Meadows includes five bedrooms, a formal living and dining area, a home office, and a beautifully landscaped yard with a pool and hot tub. Perfect for elegant entertaining.","Highland Meadows is an affluent neighborhood with manicured streets, private schools, and a country club. It's known for privacy, security, and high-end amenities."
